{"cameraMode":{"drawMode":0,"name":"Shaded","section":"Shading Mode"},"sceneLighting":true,"audioPlay":false,"sceneViewState":{"showFog":true,"showMaterialUpdate":false,"showSkybox":true,"showFlares":true,"showImageEffects":true,"showParticleSystems":true},"in2DMode":false,"pivot":{"x":847.8728637695313,"y":305.6262512207031,"z":1.03704833984375},"rotation":{"x":0.01768934354186058,"y":-0.003902337048202753,"z":-0.0000690621673129499,"w":-0.9998367428779602},"size":291.8083801269531,"orthographic":false}